{
  "eslint.config.js": 1770992536.575462,
  "vite.config.ts": 1775651522.9170418,
  "vitest.config.ts": 1775309565.121172,
  "src\\App.tsx": 1775661390.3432865,
  "src\\changelog.ts": 1775753307.621561,
  "src\\main.tsx": 1775342393.3872716,
  "src\\components\\ProtectedRoute.tsx": 1770992536.5924606,
  "src\\components\\theme-toggle.tsx": 1770992536.5924606,
  "src\\components\\admin\\AdminDashboard.tsx": 1775661670.1563218,
  "src\\components\\admin\\AdminEvents.tsx": 1775665672.3419905,
  "src\\components\\admin\\AdminLayout.tsx": 1775661298.5861924,
  "src\\components\\admin\\AdminReports.tsx": 1775661719.0268888,
  "src\\components\\admin\\AdminRoute.tsx": 1775661282.6069925,
  "src\\components\\admin\\AdminTags.tsx": 1775663964.5458548,
  "src\\components\\admin\\AdminUsers.tsx": 1775663584.7034118,
  "src\\components\\calendar\\CalendarFriendsModal.tsx": 1775491773.4940357,
  "src\\components\\calendar\\CalendarMonth.tsx": 1775666934.4663656,
  "src\\components\\calendar\\MobileMonthView.tsx": 1775666982.7626164,
  "src\\components\\calendar\\MobileYearGrid.tsx": 1775650065.1265855,
  "src\\components\\calendar\\MonthBanner.tsx": 1775400649.7049508,
  "src\\components\\calendar\\MonthCell.tsx": 1775393514.225896,
  "src\\components\\calendar\\YearView.tsx": 1775334570.3450458,
  "src\\components\\events\\DeduplicateSuggestions.tsx": 1775606756.4397032,
  "src\\components\\events\\EventCard.tsx": 1775752822.3063545,
  "src\\components\\events\\EventDashboard.tsx": 1775747800.9198427,
  "src\\components\\events\\EventDashboardMobile.tsx": 1775482732.219791,
  "src\\components\\events\\EventForm.tsx": 1775665998.5604668,
  "src\\components\\events\\EventHero.tsx": 1775665842.7635303,
  "src\\components\\events\\FriendRow.tsx": 1775482603.1267996,
  "src\\components\\events\\HeroBanner.tsx": 1775665684.2785509,
  "src\\components\\events\\ParticipantsModal.tsx": 1775486658.2610784,
  "src\\components\\events\\SlideRow.tsx": 1775753191.451336,
  "src\\components\\events\\TagInput.tsx": 1775393498.682322,
  "src\\components\\layout\\AppLayout.tsx": 1775508957.2423768,
  "src\\components\\layout\\BottomBar.tsx": 1775661421.2095392,
  "src\\components\\layout\\ChangelogModal.tsx": 1775402739.9034944,
  "src\\components\\layout\\SearchBar.tsx": 1775665769.2836568,
  "src\\components\\layout\\Sidebar.tsx": 1775663541.8342416,
  "src\\components\\notes\\NoteForm.tsx": 1775485236.844086,
  "src\\components\\notes\\NotesFeed.tsx": 1775393500.0084586,
  "src\\components\\notifications\\NotificationItem.tsx": 1775595373.7100756,
  "src\\components\\notifications\\NotificationSlidePanel.tsx": 1775397353.194691,
  "src\\components\\notifications\\SidebarActivity.tsx": 1775474808.7590098,
  "src\\components\\profile\\EmailSignupPlaceholder.tsx": 1775411239.9640307,
  "src\\components\\profile\\EmbedModal.tsx": 1775748745.2438483,
  "src\\components\\profile\\EventCarousel.tsx": 1775665757.243631,
  "src\\components\\profile\\FellowshipFooter.tsx": 1775409440.0113606,
  "src\\components\\profile\\FollowButton.tsx": 1775410815.824532,
  "src\\components\\profile\\ProfileHeader.tsx": 1775488529.9720643,
  "src\\components\\profile\\QRCodeModal.tsx": 1775409475.2549286,
  "src\\components\\pwa\\InstallPrompt.tsx": 1775656248.4700718,
  "src\\components\\reports\\EventReportForm.tsx": 1775335724.1995425,
  "src\\components\\reviews\\ReviewForm.tsx": 1775393508.91866,
  "src\\components\\reviews\\ReviewSummary.tsx": 1775334305.799408,
  "src\\components\\ui\\button.tsx": 1775393300.0919442,
  "src\\components\\ui\\MonthPicker.tsx": 1775407294.871993,
  "src\\components\\ui\\RichTextEditor.tsx": 1775514862.0519657,
  "src\\components\\ui\\TagBadge.tsx": 1775664039.85786,
  "src\\components\\ui\\toast.tsx": 1775346021.3679152,
  "src\\hooks\\use-admin.ts": 1775661859.0768883,
  "src\\hooks\\use-calendar.ts": 1775665712.4268904,
  "src\\hooks\\use-events.ts": 1775665708.182181,
  "src\\hooks\\use-following-ids.ts": 1775386978.1879208,
  "src\\hooks\\use-follows.ts": 1775337424.5512376,
  "src\\hooks\\use-notes.ts": 1775335699.0178883,
  "src\\hooks\\use-notifications.ts": 1775478602.412034,
  "src\\hooks\\use-participations.ts": 1775491768.6298416,
  "src\\hooks\\use-reports.ts": 1775334305.799408,
  "src\\hooks\\use-reviews.ts": 1775335717.5127232,
  "src\\hooks\\use-tags.ts": 1775663785.8772671,
  "src\\hooks\\use-theme.ts": 1770992536.5934615,
  "src\\lib\\auth.tsx": 1775665879.3961043,
  "src\\lib\\compress-image.ts": 1775643760.3212006,
  "src\\lib\\constants.ts": 1775661791.6868088,
  "src\\lib\\supabase.ts": 1775337982.3610475,
  "src\\lib\\utils.ts": 1770992536.5954611,
  "src\\pages\\AuthCallback.tsx": 1775339336.2341275,
  "src\\pages\\Calendar.tsx": 1775665716.6429963,
  "src\\pages\\Dashboard.tsx": 1775595372.7552621,
  "src\\pages\\Embed.tsx": 1775749334.9285805,
  "src\\pages\\EventPage.tsx": 1775665852.5421908,
  "src\\pages\\Explorer.tsx": 1775752951.1586523,
  "src\\pages\\Following.tsx": 1775413961.2169783,
  "src\\pages\\Landing.tsx": 1775498395.4065793,
  "src\\pages\\Login.tsx": 1775415930.2663813,
  "src\\pages\\Notifications.tsx": 1775474993.1857357,
  "src\\pages\\Onboarding.tsx": 1775663647.6434395,
  "src\\pages\\Profile.tsx": 1775390851.2012682,
  "src\\pages\\PublicProfile.tsx": 1775748648.7525337,
  "src\\pages\\Settings.tsx": 1775413962.4756415,
  "src\\test\\setup.ts": 1775309566.824511,
  "src\\test\\smoke.test.ts": 1775309576.8218403,
  "src\\types\\database.ts": 1775663382.9367135,
  "src\\types\\supabase.ts": 1775665659.705404,
  "CLAUDE.md": 1778316070.1836486,
  "README.md": 1770992536.575462,
  "docs\\superpowers\\plans\\2026-04-04-fellowship-v1.md": 1775309208.564168,
  "docs\\superpowers\\plans\\2026-04-05-design-system-refonte.md": 1775393134.5490093,
  "docs\\superpowers\\plans\\2026-04-05-explorer-redesign.md": 1775404317.4109807,
  "docs\\superpowers\\plans\\2026-04-05-notifications-redesign.md": 1775386113.7571208,
  "docs\\superpowers\\plans\\2026-04-05-profile-redesign.md": 1775411224.7342236,
  "docs\\superpowers\\plans\\2026-04-06-event-page-redesign-v2.md": 1778316390.5144591,
  "docs\\superpowers\\plans\\2026-04-06-event-page-redesign.md": 1775482477.1327212,
  "docs\\superpowers\\plans\\2026-04-06-participation-refonte.md": 1775478308.050139,
  "docs\\superpowers\\plans\\2026-04-08-admin-hub.md": 1775661017.1858096,
  "docs\\superpowers\\plans\\2026-04-08-mobile-calendar.md": 1775649745.3513212,
  "docs\\superpowers\\plans\\2026-04-09-embed-widget.md": 1775746800.743963,
  "docs\\superpowers\\specs\\2026-04-04-fellowship-v1-design.md": 1775308389.432493,
  "docs\\superpowers\\specs\\2026-04-05-dashboard-calendar-design.md": 1775348062.6893313,
  "docs\\superpowers\\specs\\2026-04-05-design-refonte.md": 1775343550.9005156,
  "docs\\superpowers\\specs\\2026-04-05-design-system-refonte.md": 1775393004.3308122,
  "docs\\superpowers\\specs\\2026-04-05-explorer-redesign.md": 1775404017.097842,
  "docs\\superpowers\\specs\\2026-04-05-notifications-redesign.md": 1775385831.24727,
  "docs\\superpowers\\specs\\2026-04-05-profile-redesign.md": 1775387966.2952821,
  "docs\\superpowers\\specs\\2026-04-06-event-page-redesign-v2.md": 1775506790.521952,
  "docs\\superpowers\\specs\\2026-04-06-event-page-redesign.md": 1775481962.992482,
  "docs\\superpowers\\specs\\2026-04-08-admin-hub-design.md": 1775660567.1557026,
  "docs\\superpowers\\specs\\2026-04-08-mobile-calendar-design.md": 1775649606.25468,
  "docs\\superpowers\\specs\\2026-04-09-embed-widget-design.md": 1775746423.297122,
  "exemple.png": 1775348972.4853477,
  "icon.png": 1775395802.5356228,
  "icon.svg": 1775304589.759018,
  "icon_black.png": 1775304540.383139,
  "logo.png": 1775395075.6892507,
  "logoold.png": 1775304492.6248288,
  "stitch.jpg": 1775395121.3351502,
  "public\\apple-touch-icon.png": 1775651505.755,
  "public\\apple-touch-icon.svg": 1770992536.578462,
  "public\\favicon.svg": 1770992536.578462,
  "public\\icon.png": 1775396354.1577332,